module	verdict	metric	fingerprint	unix_ts
exl3-hip-attn	PASS	9.537000e-7	11592172284098888053	1791179392
exl3-hip-batch	PASS	2.134000e-2	7658612883588607767	1791180003
exl3-hip-decode	PASS	2.285000e-2	17459461323820999134	1791180660
exl3-hip-gdn	PASS	1.724000e-4	13882467834348678834	1791179401
exl3-hip-gemm	PASS	2.871000e-4	15096345306705386819	1791179410
exl3-hip-gemv	PASS	2.664000e-4	16613697178377905696	1791179422
exl3-hip-mtp	PASS	2.538000e-2	12239688649990376205	1791180095
exl3-hip-nr	PASS	2.861000e-6	10276680217754907772	1791179431
exl3-vk-attn	PASS	1.070000e-4	16813458944556174305	1791179532
exl3-vk-ffn	PASS	1.349000e-4	13570617694041776081	1791179533
exl3-vk-gemmd	PASS	0.000000e0	1681493484709231615	1791179534
exl3-vk-nr	PASS	2.623000e-6	17916077037220768605	1791179533
exl3-vk-nrh	PASS	2.384000e-6	16575905865434821114	1791179533
exl3-vk-scan	PASS	3.099000e-6	5783140634772896043	1791180122
q4-ar	PASS	1.234000e-5	15129963816205287933	1791179543
q4-hc	PASS	1.490000e-5	13423170735055690321	1791179568
q4-ple	PASS	0.000000e0	15592533803961215283	1791181847
q4-qsa	PASS	2.348000e-4	3212223838929250409	1791179552
q4-vk-addrms	PASS	0.000000e0	11592254703117207512	1791179535
