module	metric	threshold	speed_ms
exl3-hip-attn	maxdiff	9.537000e-7	8598
exl3-hip-batch	maxdiff	2.134000e-2	163040
exl3-hip-decode	maxdiff	2.285000e-2	84351
exl3-hip-gdn	maxdiff	1.724000e-4	8632
exl3-hip-gemm	maxdiff	2.871000e-4	8610
exl3-hip-gemv	maxdiff	2.664000e-4	12509
exl3-hip-mtp	maxdiff	2.538000e-2	92271
exl3-hip-nr	maxdiff	2.861000e-6	8481
exl3-vk-attn	maxdiff	1.070000e-4	532
exl3-vk-ffn	maxdiff	1.349000e-4	539
exl3-vk-gemmd	maxdiff	0.000000e0	253
exl3-vk-nr	maxdiff	2.623000e-6	90
exl3-vk-nrh	maxdiff	2.384000e-6	363
exl3-vk-scan	maxdiff	3.099000e-6	1254
q4-ar	maxdiff	1.234000e-5	8139
q4-hc	maxdiff	1.490000e-5	8293
q4-ple	maxdiff	0.000000e0	8432
q4-qsa	maxdiff	2.348000e-4	8240
q4-vk-addrms	maxdiff	0.000000e0	103
